Category: All categories,
,
Day,data scientist job: (United States)
2020-06-13,19
2020-06-14,37
2020-06-15,16
2020-06-16,16
2020-06-17,32
2020-06-18,32
2020-06-19,42
2020-06-20,0
2020-06-21,32
2020-06-22,41
2020-06-23,33
2020-06-24,100
2020-06-25,16
2020-06-26,34
2020-06-27,28
2020-06-28,18
2020-06-29,17
2020-06-30,34
2020-07-01,39
2020-07-02,17
2020-07-03,18
2020-07-04,41
2020-07-05,20
2020-07-06,33
2020-07-07,22
2020-07-08,28
2020-07-09,39
2020-07-10,17
2020-07-11,38
2020-07-12,0
2020-07-13,33
2020-07-14,17
2020-07-15,17
2020-07-16,17
2020-07-17,44
2020-07-18,0
2020-07-19,59
2020-07-20,17
2020-07-21,34
2020-07-22,17
2020-07-23,28
2020-07-24,17
2020-07-25,20
2020-07-26,0
2020-07-27,17
2020-07-28,17
2020-07-29,17
2020-07-30,51
2020-07-31,26
2020-08-01,26
2020-08-02,0
2020-08-03,23
2020-08-04,28
2020-08-05,34
2020-08-06,17
2020-08-07,17
2020-08-08,0
2020-08-09,20
2020-08-10,34
2020-08-11,17
2020-08-12,17
2020-08-13,33
2020-08-14,17
2020-08-15,39
2020-08-16,26
2020-08-17,42
2020-08-18,25
2020-08-19,17
2020-08-20,38
2020-08-21,17
2020-08-22,60
2020-08-23,39
2020-08-24,16
2020-08-25,32
2020-08-26,16
2020-08-27,0
2020-08-28,25
2020-08-29,18
2020-08-30,0
2020-08-31,21
2020-09-01,16
2020-09-02,16
2020-09-03,15
2020-09-04,27
2020-09-05,19
2020-09-06,0
2020-09-07,18
2020-09-08,21
2020-09-09,16
2020-09-10,20